em.pbl,dw_exporter
em.pbl,dw_exporter1
em.pbl,dw_exporter2
em_com_infomation.pbl,dw_exporter
em_com_infomation.pbl,dw_exporter1
em_com_infomation.pbl,dw_exporter2
em_com_infomation.pbl,dl_std_price
em_com_infomation.pbl,dl_std_price1
em_com_infomation.pbl,dl_sm_code_material_popup
em_com_infomation.pbl,dl_em_code_material_small
em_com_infomation.pbl,dl_em_est_pum
em_com_infomation.pbl,df_sm_comcode_item
em_com_infomation.pbl,dq_em_std_iwlist_sum
em_com_infomation.pbl,dq_code_property_find
em_com_infomation.pbl,dq_em_est_iwlist_sum
em_com_infomation.pbl,dl_em_siteconst_kind_report
em_com_infomation.pbl,dl_stdconst_kind_report2
em_com_infomation.pbl,dl_std_price_report1
em_com_infomation.pbl,dl_std_price_report
em_com_infomation.pbl,dl_em_est_master_user
em_com_infomation.pbl,dl_em_est_iwitem_select
em_com_infomation.pbl,dl_cm_esti_master_select
em_com_infomation.pbl,dw_em_comcode
em_com_infomation.pbl,dl_em_unpr_history
em_com_infomation.pbl,dw_em_itemcode
em_com_infomation.pbl,dq_em_std_iwlist_sum_now
em_com_infomation.pbl,de_std_price
em_com_infomation.pbl,de_std_price1
em_com_infomation.pbl,df_em_comcode_applymethod
em_com_infomation.pbl,df_em_est_master
em_com_infomation.pbl,df_em_est_master_user
em_com_infomation.pbl,df_em_matmaker
em_com_infomation.pbl,de_std_price_excel
em_com_infomation.pbl,de_std_price1_excel
em_com_infomation.pbl,df_em_matmaker_old
em_com_infomation.pbl,de_std_price1_bak
em_com_infomation.pbl,df_em_matmaker2
em_com_infomation.pbl,de_em_std_iwlist_report2
em_com_infomation.pbl,de_em_tmp_item_est
em_com_infomation.pbl,de_em_tmp_item_est_approval
em_com_infomation.pbl,de_em_tmp_item_est_request
em_com_infomation.pbl,de_em_tmp_item_est_approval_manager
em_com_infomation.pbl,de_em_tmp_item_est_approval_all
em_com_infomation.pbl,de_std_price1_now
em_com_infomation.pbl,de_std_price1_now_bak
em_com_infomation.pbl,de_em_std_iwitem_excel
em_com_infomation.pbl,de_em_std_iwitem_excel_1
em_com_infomation.pbl,de_em_std_iwitem_report2
em_com_infomation.pbl,de_em_std_iwlist
em_com_infomation.pbl,de_em_std_iwitem_now
em_com_infomation.pbl,de_em_std_iwlist_now
em_com_infomation.pbl,de_em_mqc_em_copy
em_com_infomation.pbl,de_em_std_iw_bigo_popup
em_com_infomation.pbl,de_em_est_master_mqc
em_com_infomation.pbl,de_em_std_iwitem
em_com_infomation.pbl,de_em_est_master_main_request3
em_com_infomation.pbl,de_em_est_master_main_request2
em_com_infomation.pbl,de_em_est_master_main_expo3
em_com_infomation.pbl,de_em_est_iwitem_plab
em_com_infomation.pbl,de_em_est_iwlist
em_com_infomation.pbl,de_em_est_iwitem_report2
em_com_infomation.pbl,de_em_est_iwlist_report2
em_com_infomation.pbl,de_em_est_master
em_com_infomation.pbl,de_em_est_master_entry
em_com_infomation.pbl,de_em_est_master_main3
em_com_infomation.pbl,de_em_est_master_list3
em_com_infomation.pbl,de_em_est_master_em
em_com_infomation.pbl,de_em_est_iwitem_excel
em_com_infomation.pbl,de_em_est_iwitem_cost1
em_com_infomation.pbl,de_em_est_price_report
em_com_infomation.pbl,dc_em_std_iwlist_sum
em_com_infomation.pbl,dc_em_std_iwlist_sum1
em_com_infomation.pbl,dc_sm_code_material_other
em_com_infomation.pbl,de_em_code_material
em_com_infomation.pbl,de_em_code_material1
em_com_infomation.pbl,de_em_est_consumption
em_com_infomation.pbl,dc_em_est_master_user
em_com_infomation.pbl,dc_price_change
em_com_infomation.pbl,dc_em_est_master_flag_bak
em_com_infomation.pbl,de_em_est_iwitem
em_com_infomation.pbl,de_em_est_consumption_detail
em_com_infomation.pbl,dddw_std_price_maker
em_com_infomation.pbl,de_em_est_iwitem_cost
em_com_infomation.pbl,de_em_est_consumption_new
em_com_infomation.pbl,de_em_est_consumption_detail_l
em_com_infomation.pbl,de_em_est_consumption_new_l
em_com_infomation.pbl,de_em_est_consumption_list
em_com_infomation.pbl,dc_em_est_master_bak
em_com_infomation.pbl,dc_em_est_master
em_com_infomation.pbl,dc_em_est_master_copy_flag
em_com_infomation.pbl,dc_em_est_master_copy_flag_1
em_com_infomation.pbl,dc_em_est_master_copy_flag_bak
em_com_infomation.pbl,dc_em_est_master_flag
em_com_infomation.pbl,dc_em_est_master_flag_1
em_com_infomation.pbl,de_em_std_iwitem_cost
em_com_infomation.pbl,df_pm_unpr_master
em_com_infomation.pbl,dw_sm_comcode_unitcut
em_com_infomation.pbl,dw_sm_comcode_supplieskind_name
em_com_infomation.pbl,dw_sm_comcode_supplymatdiv
em_com_infomation.pbl,dw_sm_comcode_applymethod
em_com_infomation.pbl,dw_sm_comcode_iwdivision
em_com_infomation.pbl,dw_sm_code_dept
em_com_infomation.pbl,dw_sm_code_account
em_com_infomation.pbl,dw_pm_comcode
em_com_material.pbl,dw_exporter
em_com_material.pbl,dw_exporter1
em_com_material.pbl,dw_exporter2
em_com_material.pbl,dl_std_price
em_com_material.pbl,dl_std_price1
em_com_material.pbl,dl_sm_code_material_popup
em_com_material.pbl,dl_em_code_material_small
em_com_material.pbl,dl_em_est_pum
em_com_material.pbl,df_sm_comcode_item
em_com_material.pbl,dq_em_std_iwlist_sum
em_com_material.pbl,dq_code_property_find
em_com_material.pbl,dq_em_est_iwlist_sum
em_com_material.pbl,dl_em_siteconst_kind_report
em_com_material.pbl,dl_stdconst_kind_report2
em_com_material.pbl,dl_std_price_report1
em_com_material.pbl,dl_std_price_report
em_com_material.pbl,dl_em_est_master_user
em_com_material.pbl,dl_em_est_iwitem_select
em_com_material.pbl,dl_cm_esti_master_select
em_com_material.pbl,dw_em_comcode
em_com_material.pbl,dl_em_unpr_history
em_com_material.pbl,dw_em_itemcode
em_com_material.pbl,dq_em_std_iwlist_sum_now
em_com_material.pbl,de_std_price
em_com_material.pbl,de_std_price1
em_com_material.pbl,df_em_comcode_applymethod
em_com_material.pbl,df_em_est_master
em_com_material.pbl,df_em_est_master_user
em_com_material.pbl,df_em_matmaker
em_com_material.pbl,de_std_price_excel
em_com_material.pbl,de_std_price1_excel
em_com_material.pbl,df_em_matmaker_old
em_com_material.pbl,de_std_price1_bak
em_com_material.pbl,df_em_matmaker2
em_com_material.pbl,de_em_std_iwlist_report2
em_com_material.pbl,de_em_tmp_item_est
em_com_material.pbl,de_em_tmp_item_est_approval
em_com_material.pbl,de_em_tmp_item_est_request
em_com_material.pbl,de_em_tmp_item_est_approval_manager
em_com_material.pbl,de_em_tmp_item_est_approval_all
em_com_material.pbl,de_std_price1_now
em_com_material.pbl,de_std_price1_now_bak
em_com_material.pbl,de_em_std_iwitem_excel
em_com_material.pbl,de_em_std_iwitem_excel_1
em_com_material.pbl,de_em_std_iwitem_report2
em_com_material.pbl,de_em_std_iwlist
em_com_material.pbl,de_em_std_iwitem_now
em_com_material.pbl,de_em_std_iwlist_now
em_com_material.pbl,de_em_mqc_em_copy
em_com_material.pbl,de_em_std_iw_bigo_popup
em_com_material.pbl,de_em_est_master_mqc
em_com_material.pbl,de_em_std_iwitem
em_com_material.pbl,de_em_est_master_main_request3
em_com_material.pbl,de_em_est_master_main_request2
em_com_material.pbl,de_em_est_master_main_expo3
em_com_material.pbl,de_em_est_iwitem_plab
em_com_material.pbl,de_em_est_iwlist
em_com_material.pbl,de_em_est_iwitem_report2
em_com_material.pbl,de_em_est_iwlist_report2
em_com_material.pbl,de_em_est_master
em_com_material.pbl,de_em_est_master_entry
em_com_material.pbl,de_em_est_master_main3
em_com_material.pbl,de_em_est_master_list3
em_com_material.pbl,de_em_est_master_em
em_com_material.pbl,de_em_est_iwitem_excel
em_com_material.pbl,de_em_est_iwitem_cost1
em_com_material.pbl,de_em_est_price_report
em_com_material.pbl,dc_em_std_iwlist_sum
em_com_material.pbl,dc_em_std_iwlist_sum1
em_com_material.pbl,dc_sm_code_material_other
em_com_material.pbl,de_em_code_material
em_com_material.pbl,de_em_code_material1
em_com_material.pbl,de_em_est_consumption
em_com_material.pbl,dc_em_est_master_user
em_com_material.pbl,dc_price_change
em_com_material.pbl,dc_em_est_master_flag_bak
em_com_material.pbl,de_em_est_iwitem
em_com_material.pbl,de_em_est_consumption_detail
em_com_material.pbl,dddw_std_price_maker
em_com_material.pbl,de_em_est_iwitem_cost
em_com_material.pbl,de_em_est_consumption_new
em_com_material.pbl,de_em_est_consumption_detail_l
em_com_material.pbl,de_em_est_consumption_new_l
em_com_material.pbl,de_em_est_consumption_list
em_com_material.pbl,dc_em_est_master_bak
em_com_material.pbl,dc_em_est_master
em_com_material.pbl,dc_em_est_master_copy_flag
em_com_material.pbl,dc_em_est_master_copy_flag_1
em_com_material.pbl,dc_em_est_master_copy_flag_bak
em_com_material.pbl,dc_em_est_master_flag
em_com_material.pbl,dc_em_est_master_flag_1
em_com_material.pbl,de_em_std_iwitem_cost
em_com_material.pbl,df_pm_unpr_master
em_com_material.pbl,dw_sm_comcode_unitcut
em_com_material.pbl,dw_sm_comcode_supplieskind_name
em_com_material.pbl,dw_sm_comcode_supplymatdiv
em_com_material.pbl,dw_sm_comcode_applymethod
em_com_material.pbl,dw_sm_comcode_iwdivision
em_com_material.pbl,dw_sm_code_dept
em_com_material.pbl,dw_sm_code_account
em_com_material.pbl,dw_pm_comcode
em_com_material.pbl,dl_code_material_select
em_com_material.pbl,dl_em_code_material_property
em_com_material.pbl,dl_em_code_material_small_s
em_com_material.pbl,dl_em_code_material_middle
em_com_material.pbl,dl_em_code_material_large
em_com_material.pbl,de_em_code_material_attr
em_com_material.pbl,de_hm_sale_master_chgowner
em_com_material.pbl,de_em_code_material4
em_com_material.pbl,de_em_code_material5_detail
em_com_material.pbl,dt_code
em_com_material.pbl,dl_sm_code_material
em_com_material.pbl,dl_sm_code_material_plab
em_com_material.pbl,dw_pm_comcode
em_com_material.pbl,dl_sm_code_material_pm
em_com_material.pbl,dl_sm_code_material_plab_break
em_com_material.pbl,dl_em_code_material_large_proj
em_com_material.pbl,dl_em_code_material_middle_proj
em_com_material.pbl,dl_sm_code_material_pm_proj
em_com_material.pbl,de_em_code_material2
em_com_material.pbl,dddw_std_price_maker
em_com_material.pbl,de_em_code_material2_detail
em_com_material.pbl,de_em_code_material2_list
em_com_material.pbl,dw_sm_code_dept
em_est_manage.pbl,dw_exporter
em_est_manage.pbl,dw_exporter1
em_est_manage.pbl,dw_exporter2
em_est_manage.pbl,dl_std_price
em_est_manage.pbl,dl_std_price1
em_est_manage.pbl,dl_sm_code_material_popup
em_est_manage.pbl,dl_em_code_material_small
em_est_manage.pbl,dl_em_est_pum
em_est_manage.pbl,df_sm_comcode_item
em_est_manage.pbl,dq_em_std_iwlist_sum
em_est_manage.pbl,dq_code_property_find
em_est_manage.pbl,dq_em_est_iwlist_sum
em_est_manage.pbl,dl_em_siteconst_kind_report
em_est_manage.pbl,dl_stdconst_kind_report2
em_est_manage.pbl,dl_std_price_report1
em_est_manage.pbl,dl_std_price_report
em_est_manage.pbl,dl_em_est_master_user
em_est_manage.pbl,dl_em_est_iwitem_select
em_est_manage.pbl,dl_cm_esti_master_select
em_est_manage.pbl,dw_em_comcode
em_est_manage.pbl,dl_em_unpr_history
em_est_manage.pbl,dw_em_itemcode
em_est_manage.pbl,dq_em_std_iwlist_sum_now
em_est_manage.pbl,de_std_price
em_est_manage.pbl,de_std_price1
em_est_manage.pbl,df_em_comcode_applymethod
em_est_manage.pbl,df_em_est_master
em_est_manage.pbl,df_em_est_master_user
em_est_manage.pbl,df_em_matmaker
em_est_manage.pbl,de_std_price_excel
em_est_manage.pbl,de_std_price1_excel
em_est_manage.pbl,df_em_matmaker_old
em_est_manage.pbl,de_std_price1_bak
em_est_manage.pbl,df_em_matmaker2
em_est_manage.pbl,de_em_std_iwlist_report2
em_est_manage.pbl,de_em_tmp_item_est
em_est_manage.pbl,de_em_tmp_item_est_approval
em_est_manage.pbl,de_em_tmp_item_est_request
em_est_manage.pbl,de_em_tmp_item_est_approval_manager
em_est_manage.pbl,de_em_tmp_item_est_approval_all
em_est_manage.pbl,de_std_price1_now
em_est_manage.pbl,de_std_price1_now_bak
em_est_manage.pbl,de_em_std_iwitem_excel
em_est_manage.pbl,de_em_std_iwitem_excel_1
em_est_manage.pbl,de_em_std_iwitem_report2
em_est_manage.pbl,de_em_std_iwlist
em_est_manage.pbl,de_em_std_iwitem_now
em_est_manage.pbl,de_em_std_iwlist_now
em_est_manage.pbl,de_em_mqc_em_copy
em_est_manage.pbl,de_em_std_iw_bigo_popup
em_est_manage.pbl,de_em_est_master_mqc
em_est_manage.pbl,de_em_std_iwitem
em_est_manage.pbl,de_em_est_master_main_request3
em_est_manage.pbl,de_em_est_master_main_request2
em_est_manage.pbl,de_em_est_master_main_expo3
em_est_manage.pbl,de_em_est_iwitem_plab
em_est_manage.pbl,de_em_est_iwlist
em_est_manage.pbl,de_em_est_iwitem_report2
em_est_manage.pbl,de_em_est_iwlist_report2
em_est_manage.pbl,de_em_est_master
em_est_manage.pbl,de_em_est_master_entry
em_est_manage.pbl,de_em_est_master_main3
em_est_manage.pbl,de_em_est_master_list3
em_est_manage.pbl,de_em_est_master_em
em_est_manage.pbl,de_em_est_iwitem_excel
em_est_manage.pbl,de_em_est_iwitem_cost1
em_est_manage.pbl,de_em_est_price_report
em_est_manage.pbl,dc_em_std_iwlist_sum
em_est_manage.pbl,dc_em_std_iwlist_sum1
em_est_manage.pbl,dc_sm_code_material_other
em_est_manage.pbl,de_em_code_material
em_est_manage.pbl,de_em_code_material1
em_est_manage.pbl,de_em_est_consumption
em_est_manage.pbl,dc_em_est_master_user
em_est_manage.pbl,dc_price_change
em_est_manage.pbl,dc_em_est_master_flag_bak
em_est_manage.pbl,de_em_est_iwitem
em_est_manage.pbl,de_em_est_consumption_detail
em_est_manage.pbl,dddw_std_price_maker
em_est_manage.pbl,de_em_est_iwitem_cost
em_est_manage.pbl,de_em_est_consumption_new
em_est_manage.pbl,de_em_est_consumption_detail_l
em_est_manage.pbl,de_em_est_consumption_new_l
em_est_manage.pbl,de_em_est_consumption_list
em_est_manage.pbl,dc_em_est_master_bak
em_est_manage.pbl,dc_em_est_master
em_est_manage.pbl,dc_em_est_master_copy_flag
em_est_manage.pbl,dc_em_est_master_copy_flag_1
em_est_manage.pbl,dc_em_est_master_copy_flag_bak
em_est_manage.pbl,dc_em_est_master_flag
em_est_manage.pbl,dc_em_est_master_flag_1
em_est_manage.pbl,de_em_std_iwitem_cost
em_est_manage.pbl,df_pm_unpr_master
em_est_manage.pbl,dw_sm_comcode_unitcut
em_est_manage.pbl,dw_sm_comcode_supplieskind_name
em_est_manage.pbl,dw_sm_comcode_supplymatdiv
em_est_manage.pbl,dw_sm_comcode_applymethod
em_est_manage.pbl,dw_sm_comcode_iwdivision
em_est_manage.pbl,dw_sm_code_dept
em_est_manage.pbl,dw_sm_code_account
em_est_manage.pbl,dw_pm_comcode
em_est_manage.pbl,dl_code_material_select
em_est_manage.pbl,dl_em_code_material_property
em_est_manage.pbl,dl_em_code_material_small_s
em_est_manage.pbl,dl_em_code_material_middle
em_est_manage.pbl,dl_em_code_material_large
em_est_manage.pbl,de_em_code_material_attr
em_est_manage.pbl,de_hm_sale_master_chgowner
em_est_manage.pbl,de_em_code_material4
em_est_manage.pbl,de_em_code_material5_detail
em_est_manage.pbl,dt_code
em_est_manage.pbl,dl_sm_code_material
em_est_manage.pbl,dl_sm_code_material_plab
em_est_manage.pbl,dw_pm_comcode
em_est_manage.pbl,dl_sm_code_material_pm
em_est_manage.pbl,dl_sm_code_material_plab_break
em_est_manage.pbl,dl_em_code_material_large_proj
em_est_manage.pbl,dl_em_code_material_middle_proj
em_est_manage.pbl,dl_sm_code_material_pm_proj
em_est_manage.pbl,de_em_code_material2
em_est_manage.pbl,dddw_std_price_maker
em_est_manage.pbl,de_em_code_material2_detail
em_est_manage.pbl,de_em_code_material2_list
em_est_manage.pbl,dw_sm_code_dept
em_est_manage.pbl,dl_em_est_em_report
em_est_manage.pbl,dl_em_est_em_report1
em_est_manage.pbl,dl_em_est_em_chng
em_est_manage.pbl,dl_em_est_em_report2
em_est_manage.pbl,dl_em_est_em
em_est_manage.pbl,dl_em_est_em_report2_bak
em_est_manage.pbl,dl_em_est_const_total
em_est_manage.pbl,dl_em_est_em_report2_list
em_est_manage.pbl,dl_em_est_amt_sum
em_est_manage.pbl,dl_em_est_iwitem_view
em_est_manage.pbl,df_sm_comcode_supplieskind
em_est_manage.pbl,dl_em_est_qty_output
em_est_manage.pbl,df_sm_code_material_plab
em_est_manage.pbl,dl_em_est_sum
em_est_manage.pbl,df_em_comcode_applyall
em_est_manage.pbl,dl_em_est_amt_sum_back
em_est_manage.pbl,dl_em_est_iwitem_view_back
em_est_manage.pbl,dl_em_est_em_copy
em_est_manage.pbl,dl_em_est_em_report1_excel
em_est_manage.pbl,de_em_est_em_back
em_est_manage.pbl,de_em_est_em_const
em_est_manage.pbl,de_em_est_em_tmp
em_est_manage.pbl,de_em_est_em_contrast
em_est_manage.pbl,dc_em_est_price_modify
em_est_manage.pbl,dc_em_est_modify_0709
em_est_manage.pbl,dc_em_est_modify
em_est_manage.pbl,dc_em_est_em_report2_excel
em_est_manage.pbl,dc_em_est_em_report2_bak
em_est_manage.pbl,dc_em_est_em_report2
em_est_manage.pbl,dc_em_est_sum
em_est_manage.pbl,dddw_em_item_size
em_est_manage.pbl,de_em_est_em
em_est_manage.pbl,dc_em_est_em_report3_excel
em_est_manage.pbl,dq_em_est_sum_query
em_est_manage.pbl,dw_em_comcode
em_est_manage.pbl,dw_sm_comcode_applymethod
em_est_manage.pbl,dw_sm_comcode_d
em_est_manage.pbl,dw_sm_comcode_d_name
em_est_manage.pbl,dw_sm_comcode_supplieskind_name
em_est_manage.pbl,dw_sm_comcode_supplymatdiv
em_est_manage.pbl,dq_em_est_sum_query_const
em_est_manage.pbl,dw_sm_comcode_unitcut
em_est_manage.pbl,dw_sm_comcode_maker
em_est_manage.pbl,dw_sm_comcode_lab
em_est_manage.pbl,dq_em_est_sum_query_acnt
em_est_manage.pbl,dq_em_est_sum_crosstab_bak
em_est_manage.pbl,dq_em_est_sum_crosstab
em_est_manage.pbl,dr_em_est_em_const
em_est_manage.pbl,dr_em_est_em_standard
em_etc_manage.pbl,dw_exporter
em_etc_manage.pbl,dw_exporter1
em_etc_manage.pbl,dw_exporter2
em_etc_manage.pbl,dl_std_price
em_etc_manage.pbl,dl_std_price1
em_etc_manage.pbl,dl_sm_code_material_popup
em_etc_manage.pbl,dl_em_code_material_small
em_etc_manage.pbl,dl_em_est_pum
em_etc_manage.pbl,df_sm_comcode_item
em_etc_manage.pbl,dq_em_std_iwlist_sum
em_etc_manage.pbl,dq_code_property_find
em_etc_manage.pbl,dq_em_est_iwlist_sum
em_etc_manage.pbl,dl_em_siteconst_kind_report
em_etc_manage.pbl,dl_stdconst_kind_report2
em_etc_manage.pbl,dl_std_price_report1
em_etc_manage.pbl,dl_std_price_report
em_etc_manage.pbl,dl_em_est_master_user
em_etc_manage.pbl,dl_em_est_iwitem_select
em_etc_manage.pbl,dl_cm_esti_master_select
em_etc_manage.pbl,dw_em_comcode
em_etc_manage.pbl,dl_em_unpr_history
em_etc_manage.pbl,dw_em_itemcode
em_etc_manage.pbl,dq_em_std_iwlist_sum_now
em_etc_manage.pbl,de_std_price
em_etc_manage.pbl,de_std_price1
em_etc_manage.pbl,df_em_comcode_applymethod
em_etc_manage.pbl,df_em_est_master
em_etc_manage.pbl,df_em_est_master_user
em_etc_manage.pbl,df_em_matmaker
em_etc_manage.pbl,de_std_price_excel
em_etc_manage.pbl,de_std_price1_excel
em_etc_manage.pbl,df_em_matmaker_old
em_etc_manage.pbl,de_std_price1_bak
em_etc_manage.pbl,df_em_matmaker2
em_etc_manage.pbl,de_em_std_iwlist_report2
em_etc_manage.pbl,de_em_tmp_item_est
em_etc_manage.pbl,de_em_tmp_item_est_approval
em_etc_manage.pbl,de_em_tmp_item_est_request
em_etc_manage.pbl,de_em_tmp_item_est_approval_manager
em_etc_manage.pbl,de_em_tmp_item_est_approval_all
em_etc_manage.pbl,de_std_price1_now
em_etc_manage.pbl,de_std_price1_now_bak
em_etc_manage.pbl,de_em_std_iwitem_excel
em_etc_manage.pbl,de_em_std_iwitem_excel_1
em_etc_manage.pbl,de_em_std_iwitem_report2
em_etc_manage.pbl,de_em_std_iwlist
em_etc_manage.pbl,de_em_std_iwitem_now
em_etc_manage.pbl,de_em_std_iwlist_now
em_etc_manage.pbl,de_em_mqc_em_copy
em_etc_manage.pbl,de_em_std_iw_bigo_popup
em_etc_manage.pbl,de_em_est_master_mqc
em_etc_manage.pbl,de_em_std_iwitem
em_etc_manage.pbl,de_em_est_master_main_request3
em_etc_manage.pbl,de_em_est_master_main_request2
em_etc_manage.pbl,de_em_est_master_main_expo3
em_etc_manage.pbl,de_em_est_iwitem_plab
em_etc_manage.pbl,de_em_est_iwlist
em_etc_manage.pbl,de_em_est_iwitem_report2
em_etc_manage.pbl,de_em_est_iwlist_report2
em_etc_manage.pbl,de_em_est_master
em_etc_manage.pbl,de_em_est_master_entry
em_etc_manage.pbl,de_em_est_master_main3
em_etc_manage.pbl,de_em_est_master_list3
em_etc_manage.pbl,de_em_est_master_em
em_etc_manage.pbl,de_em_est_iwitem_excel
em_etc_manage.pbl,de_em_est_iwitem_cost1
em_etc_manage.pbl,de_em_est_price_report
em_etc_manage.pbl,dc_em_std_iwlist_sum
em_etc_manage.pbl,dc_em_std_iwlist_sum1
em_etc_manage.pbl,dc_sm_code_material_other
em_etc_manage.pbl,de_em_code_material
em_etc_manage.pbl,de_em_code_material1
em_etc_manage.pbl,de_em_est_consumption
em_etc_manage.pbl,dc_em_est_master_user
em_etc_manage.pbl,dc_price_change
em_etc_manage.pbl,dc_em_est_master_flag_bak
em_etc_manage.pbl,de_em_est_iwitem
em_etc_manage.pbl,de_em_est_consumption_detail
em_etc_manage.pbl,dddw_std_price_maker
em_etc_manage.pbl,de_em_est_iwitem_cost
em_etc_manage.pbl,de_em_est_consumption_new
em_etc_manage.pbl,de_em_est_consumption_detail_l
em_etc_manage.pbl,de_em_est_consumption_new_l
em_etc_manage.pbl,de_em_est_consumption_list
em_etc_manage.pbl,dc_em_est_master_bak
em_etc_manage.pbl,dc_em_est_master
em_etc_manage.pbl,dc_em_est_master_copy_flag
em_etc_manage.pbl,dc_em_est_master_copy_flag_1
em_etc_manage.pbl,dc_em_est_master_copy_flag_bak
em_etc_manage.pbl,dc_em_est_master_flag
em_etc_manage.pbl,dc_em_est_master_flag_1
em_etc_manage.pbl,de_em_std_iwitem_cost
em_etc_manage.pbl,df_pm_unpr_master
em_etc_manage.pbl,dw_sm_comcode_unitcut
em_etc_manage.pbl,dw_sm_comcode_supplieskind_name
em_etc_manage.pbl,dw_sm_comcode_supplymatdiv
em_etc_manage.pbl,dw_sm_comcode_applymethod
em_etc_manage.pbl,dw_sm_comcode_iwdivision
em_etc_manage.pbl,dw_sm_code_dept
em_etc_manage.pbl,dw_sm_code_account
em_etc_manage.pbl,dw_pm_comcode
em_etc_manage.pbl,dl_code_material_select
em_etc_manage.pbl,dl_em_code_material_property
em_etc_manage.pbl,dl_em_code_material_small_s
em_etc_manage.pbl,dl_em_code_material_middle
em_etc_manage.pbl,dl_em_code_material_large
em_etc_manage.pbl,de_em_code_material_attr
em_etc_manage.pbl,de_hm_sale_master_chgowner
em_etc_manage.pbl,de_em_code_material4
em_etc_manage.pbl,de_em_code_material5_detail
em_etc_manage.pbl,dt_code
em_etc_manage.pbl,dl_sm_code_material
em_etc_manage.pbl,dl_sm_code_material_plab
em_etc_manage.pbl,dw_pm_comcode
em_etc_manage.pbl,dl_sm_code_material_pm
em_etc_manage.pbl,dl_sm_code_material_plab_break
em_etc_manage.pbl,dl_em_code_material_large_proj
em_etc_manage.pbl,dl_em_code_material_middle_proj
em_etc_manage.pbl,dl_sm_code_material_pm_proj
em_etc_manage.pbl,de_em_code_material2
em_etc_manage.pbl,dddw_std_price_maker
em_etc_manage.pbl,de_em_code_material2_detail
em_etc_manage.pbl,de_em_code_material2_list
em_etc_manage.pbl,dw_sm_code_dept
em_etc_manage.pbl,dl_em_est_em_report
em_etc_manage.pbl,dl_em_est_em_report1
em_etc_manage.pbl,dl_em_est_em_chng
em_etc_manage.pbl,dl_em_est_em_report2
em_etc_manage.pbl,dl_em_est_em
em_etc_manage.pbl,dl_em_est_em_report2_bak
em_etc_manage.pbl,dl_em_est_const_total
em_etc_manage.pbl,dl_em_est_em_report2_list
em_etc_manage.pbl,dl_em_est_amt_sum
em_etc_manage.pbl,dl_em_est_iwitem_view
em_etc_manage.pbl,df_sm_comcode_supplieskind
em_etc_manage.pbl,dl_em_est_qty_output
em_etc_manage.pbl,df_sm_code_material_plab
em_etc_manage.pbl,dl_em_est_sum
em_etc_manage.pbl,df_em_comcode_applyall
em_etc_manage.pbl,dl_em_est_amt_sum_back
em_etc_manage.pbl,dl_em_est_iwitem_view_back
em_etc_manage.pbl,dl_em_est_em_copy
em_etc_manage.pbl,dl_em_est_em_report1_excel
em_etc_manage.pbl,de_em_est_em_back
em_etc_manage.pbl,de_em_est_em_const
em_etc_manage.pbl,de_em_est_em_tmp
em_etc_manage.pbl,de_em_est_em_contrast
em_etc_manage.pbl,dc_em_est_price_modify
em_etc_manage.pbl,dc_em_est_modify_0709
em_etc_manage.pbl,dc_em_est_modify
em_etc_manage.pbl,dc_em_est_em_report2_excel
em_etc_manage.pbl,dc_em_est_em_report2_bak
em_etc_manage.pbl,dc_em_est_em_report2
em_etc_manage.pbl,dc_em_est_sum
em_etc_manage.pbl,dddw_em_item_size
em_etc_manage.pbl,de_em_est_em
em_etc_manage.pbl,dc_em_est_em_report3_excel
em_etc_manage.pbl,dq_em_est_sum_query
em_etc_manage.pbl,dw_em_comcode
em_etc_manage.pbl,dw_sm_comcode_applymethod
em_etc_manage.pbl,dw_sm_comcode_d
em_etc_manage.pbl,dw_sm_comcode_d_name
em_etc_manage.pbl,dw_sm_comcode_supplieskind_name
em_etc_manage.pbl,dw_sm_comcode_supplymatdiv
em_etc_manage.pbl,dq_em_est_sum_query_const
em_etc_manage.pbl,dw_sm_comcode_unitcut
em_etc_manage.pbl,dw_sm_comcode_maker
em_etc_manage.pbl,dw_sm_comcode_lab
em_etc_manage.pbl,dq_em_est_sum_query_acnt
em_etc_manage.pbl,dq_em_est_sum_crosstab_bak
em_etc_manage.pbl,dq_em_est_sum_crosstab
em_etc_manage.pbl,dr_em_est_em_const
em_etc_manage.pbl,dr_em_est_em_standard
em_etc_manage.pbl,de_em_price1
em_etc_manage.pbl,de_em_price_lab
em_etc_manage.pbl,dl_em_price
em_etc_manage.pbl,dl_em_synonym_connect
em_etc_manage.pbl,dl_em_synonym_connect_1
em_etc_manage.pbl,dl_sm_code_material_error
em_etc_manage.pbl,dl_sm_code_material_error1
em_etc_manage.pbl,de_em_synonym
em_etc_manage.pbl,df_sm_code_project
em_etc_manage.pbl,df_em_unpr_master_maker
em_etc_manage.pbl,de_em_synonym_bm
em_etc_manage.pbl,dl_iwlist_synonym_pop
em_etc_manage.pbl,dl_em_synonym_connect_chk
em_etc_manage.pbl,dl_em_synonym_connect_1_chk
em_etc_manage.pbl,dl_em_synonym_connect_exel
em_etc_manage.pbl,df_sm_code_project_1
em_etc_manage.pbl,dl_em_synonym_connect_master
em_etc_manage.pbl,de_em_test
em_etc_manage.pbl,de_em_synonym_new
em_etc_manage.pbl,dl_em_price_iw
em_etc_manage.pbl,dddw_em_code_tag
em_etc_manage.pbl,dddw_em_const
em_etc_manage.pbl,dddw_em_item_size
em_etc_manage.pbl,de_em_price
em_etc_manage.pbl,dl_sm_code_material_iw
em_etc_manage.pbl,dl_sm_code_material_hide
em_mqc_manage.pbl,dw_exporter
em_mqc_manage.pbl,dw_exporter1
em_mqc_manage.pbl,dw_exporter2
em_mqc_manage.pbl,dl_std_price
em_mqc_manage.pbl,dl_std_price1
em_mqc_manage.pbl,dl_sm_code_material_popup
em_mqc_manage.pbl,dl_em_code_material_small
em_mqc_manage.pbl,dl_em_est_pum
em_mqc_manage.pbl,df_sm_comcode_item
em_mqc_manage.pbl,dq_em_std_iwlist_sum
em_mqc_manage.pbl,dq_code_property_find
em_mqc_manage.pbl,dq_em_est_iwlist_sum
em_mqc_manage.pbl,dl_em_siteconst_kind_report
em_mqc_manage.pbl,dl_stdconst_kind_report2
em_mqc_manage.pbl,dl_std_price_report1
em_mqc_manage.pbl,dl_std_price_report
em_mqc_manage.pbl,dl_em_est_master_user
em_mqc_manage.pbl,dl_em_est_iwitem_select
em_mqc_manage.pbl,dl_cm_esti_master_select
em_mqc_manage.pbl,dw_em_comcode
em_mqc_manage.pbl,dl_em_unpr_history
em_mqc_manage.pbl,dw_em_itemcode
em_mqc_manage.pbl,dq_em_std_iwlist_sum_now
em_mqc_manage.pbl,de_std_price
em_mqc_manage.pbl,de_std_price1
em_mqc_manage.pbl,df_em_comcode_applymethod
em_mqc_manage.pbl,df_em_est_master
em_mqc_manage.pbl,df_em_est_master_user
em_mqc_manage.pbl,df_em_matmaker
em_mqc_manage.pbl,de_std_price_excel
em_mqc_manage.pbl,de_std_price1_excel
em_mqc_manage.pbl,df_em_matmaker_old
em_mqc_manage.pbl,de_std_price1_bak
em_mqc_manage.pbl,df_em_matmaker2
em_mqc_manage.pbl,de_em_std_iwlist_report2
em_mqc_manage.pbl,de_em_tmp_item_est
em_mqc_manage.pbl,de_em_tmp_item_est_approval
em_mqc_manage.pbl,de_em_tmp_item_est_request
em_mqc_manage.pbl,de_em_tmp_item_est_approval_manager
em_mqc_manage.pbl,de_em_tmp_item_est_approval_all
em_mqc_manage.pbl,de_std_price1_now
em_mqc_manage.pbl,de_std_price1_now_bak
em_mqc_manage.pbl,de_em_std_iwitem_excel
em_mqc_manage.pbl,de_em_std_iwitem_excel_1
em_mqc_manage.pbl,de_em_std_iwitem_report2
em_mqc_manage.pbl,de_em_std_iwlist
em_mqc_manage.pbl,de_em_std_iwitem_now
em_mqc_manage.pbl,de_em_std_iwlist_now
em_mqc_manage.pbl,de_em_mqc_em_copy
em_mqc_manage.pbl,de_em_std_iw_bigo_popup
em_mqc_manage.pbl,de_em_est_master_mqc
em_mqc_manage.pbl,de_em_std_iwitem
em_mqc_manage.pbl,de_em_est_master_main_request3
em_mqc_manage.pbl,de_em_est_master_main_request2
em_mqc_manage.pbl,de_em_est_master_main_expo3
em_mqc_manage.pbl,de_em_est_iwitem_plab
em_mqc_manage.pbl,de_em_est_iwlist
em_mqc_manage.pbl,de_em_est_iwitem_report2
em_mqc_manage.pbl,de_em_est_iwlist_report2
em_mqc_manage.pbl,de_em_est_master
em_mqc_manage.pbl,de_em_est_master_entry
em_mqc_manage.pbl,de_em_est_master_main3
em_mqc_manage.pbl,de_em_est_master_list3
em_mqc_manage.pbl,de_em_est_master_em
em_mqc_manage.pbl,de_em_est_iwitem_excel
em_mqc_manage.pbl,de_em_est_iwitem_cost1
em_mqc_manage.pbl,de_em_est_price_report
em_mqc_manage.pbl,dc_em_std_iwlist_sum
em_mqc_manage.pbl,dc_em_std_iwlist_sum1
em_mqc_manage.pbl,dc_sm_code_material_other
em_mqc_manage.pbl,de_em_code_material
em_mqc_manage.pbl,de_em_code_material1
em_mqc_manage.pbl,de_em_est_consumption
em_mqc_manage.pbl,dc_em_est_master_user
em_mqc_manage.pbl,dc_price_change
em_mqc_manage.pbl,dc_em_est_master_flag_bak
em_mqc_manage.pbl,de_em_est_iwitem
em_mqc_manage.pbl,de_em_est_consumption_detail
em_mqc_manage.pbl,dddw_std_price_maker
em_mqc_manage.pbl,de_em_est_iwitem_cost
em_mqc_manage.pbl,de_em_est_consumption_new
em_mqc_manage.pbl,de_em_est_consumption_detail_l
em_mqc_manage.pbl,de_em_est_consumption_new_l
em_mqc_manage.pbl,de_em_est_consumption_list
em_mqc_manage.pbl,dc_em_est_master_bak
em_mqc_manage.pbl,dc_em_est_master
em_mqc_manage.pbl,dc_em_est_master_copy_flag
em_mqc_manage.pbl,dc_em_est_master_copy_flag_1
em_mqc_manage.pbl,dc_em_est_master_copy_flag_bak
em_mqc_manage.pbl,dc_em_est_master_flag
em_mqc_manage.pbl,dc_em_est_master_flag_1
em_mqc_manage.pbl,de_em_std_iwitem_cost
em_mqc_manage.pbl,df_pm_unpr_master
em_mqc_manage.pbl,dw_sm_comcode_unitcut
em_mqc_manage.pbl,dw_sm_comcode_supplieskind_name
em_mqc_manage.pbl,dw_sm_comcode_supplymatdiv
em_mqc_manage.pbl,dw_sm_comcode_applymethod
em_mqc_manage.pbl,dw_sm_comcode_iwdivision
em_mqc_manage.pbl,dw_sm_code_dept
em_mqc_manage.pbl,dw_sm_code_account
em_mqc_manage.pbl,dw_pm_comcode
em_mqc_manage.pbl,dl_code_material_select
em_mqc_manage.pbl,dl_em_code_material_property
em_mqc_manage.pbl,dl_em_code_material_small_s
em_mqc_manage.pbl,dl_em_code_material_middle
em_mqc_manage.pbl,dl_em_code_material_large
em_mqc_manage.pbl,de_em_code_material_attr
em_mqc_manage.pbl,de_hm_sale_master_chgowner
em_mqc_manage.pbl,de_em_code_material4
em_mqc_manage.pbl,de_em_code_material5_detail
em_mqc_manage.pbl,dt_code
em_mqc_manage.pbl,dl_sm_code_material
em_mqc_manage.pbl,dl_sm_code_material_plab
em_mqc_manage.pbl,dw_pm_comcode
em_mqc_manage.pbl,dl_sm_code_material_pm
em_mqc_manage.pbl,dl_sm_code_material_plab_break
em_mqc_manage.pbl,dl_em_code_material_large_proj
em_mqc_manage.pbl,dl_em_code_material_middle_proj
em_mqc_manage.pbl,dl_sm_code_material_pm_proj
em_mqc_manage.pbl,de_em_code_material2
em_mqc_manage.pbl,dddw_std_price_maker
em_mqc_manage.pbl,de_em_code_material2_detail
em_mqc_manage.pbl,de_em_code_material2_list
em_mqc_manage.pbl,dw_sm_code_dept
em_mqc_manage.pbl,dl_em_est_em_report
em_mqc_manage.pbl,dl_em_est_em_report1
em_mqc_manage.pbl,dl_em_est_em_chng
em_mqc_manage.pbl,dl_em_est_em_report2
em_mqc_manage.pbl,dl_em_est_em
em_mqc_manage.pbl,dl_em_est_em_report2_bak
em_mqc_manage.pbl,dl_em_est_const_total
em_mqc_manage.pbl,dl_em_est_em_report2_list
em_mqc_manage.pbl,dl_em_est_amt_sum
em_mqc_manage.pbl,dl_em_est_iwitem_view
em_mqc_manage.pbl,df_sm_comcode_supplieskind
em_mqc_manage.pbl,dl_em_est_qty_output
em_mqc_manage.pbl,df_sm_code_material_plab
em_mqc_manage.pbl,dl_em_est_sum
em_mqc_manage.pbl,df_em_comcode_applyall
em_mqc_manage.pbl,dl_em_est_amt_sum_back
em_mqc_manage.pbl,dl_em_est_iwitem_view_back
em_mqc_manage.pbl,dl_em_est_em_copy
em_mqc_manage.pbl,dl_em_est_em_report1_excel
em_mqc_manage.pbl,de_em_est_em_back
em_mqc_manage.pbl,de_em_est_em_const
em_mqc_manage.pbl,de_em_est_em_tmp
em_mqc_manage.pbl,de_em_est_em_contrast
em_mqc_manage.pbl,dc_em_est_price_modify
em_mqc_manage.pbl,dc_em_est_modify_0709
em_mqc_manage.pbl,dc_em_est_modify
em_mqc_manage.pbl,dc_em_est_em_report2_excel
em_mqc_manage.pbl,dc_em_est_em_report2_bak
em_mqc_manage.pbl,dc_em_est_em_report2
em_mqc_manage.pbl,dc_em_est_sum
em_mqc_manage.pbl,dddw_em_item_size
em_mqc_manage.pbl,de_em_est_em
em_mqc_manage.pbl,dc_em_est_em_report3_excel
em_mqc_manage.pbl,dq_em_est_sum_query
em_mqc_manage.pbl,dw_em_comcode
em_mqc_manage.pbl,dw_sm_comcode_applymethod
em_mqc_manage.pbl,dw_sm_comcode_d
em_mqc_manage.pbl,dw_sm_comcode_d_name
em_mqc_manage.pbl,dw_sm_comcode_supplieskind_name
em_mqc_manage.pbl,dw_sm_comcode_supplymatdiv
em_mqc_manage.pbl,dq_em_est_sum_query_const
em_mqc_manage.pbl,dw_sm_comcode_unitcut
em_mqc_manage.pbl,dw_sm_comcode_maker
em_mqc_manage.pbl,dw_sm_comcode_lab
em_mqc_manage.pbl,dq_em_est_sum_query_acnt
em_mqc_manage.pbl,dq_em_est_sum_crosstab_bak
em_mqc_manage.pbl,dq_em_est_sum_crosstab
em_mqc_manage.pbl,dr_em_est_em_const
em_mqc_manage.pbl,dr_em_est_em_standard
em_mqc_manage.pbl,de_em_price1
em_mqc_manage.pbl,de_em_price_lab
em_mqc_manage.pbl,dl_em_price
em_mqc_manage.pbl,dl_em_synonym_connect
em_mqc_manage.pbl,dl_em_synonym_connect_1
em_mqc_manage.pbl,dl_sm_code_material_error
em_mqc_manage.pbl,dl_sm_code_material_error1
em_mqc_manage.pbl,de_em_synonym
em_mqc_manage.pbl,df_sm_code_project
em_mqc_manage.pbl,df_em_unpr_master_maker
em_mqc_manage.pbl,de_em_synonym_bm
em_mqc_manage.pbl,dl_iwlist_synonym_pop
em_mqc_manage.pbl,dl_em_synonym_connect_chk
em_mqc_manage.pbl,dl_em_synonym_connect_1_chk
em_mqc_manage.pbl,dl_em_synonym_connect_exel
em_mqc_manage.pbl,df_sm_code_project_1
em_mqc_manage.pbl,dl_em_synonym_connect_master
em_mqc_manage.pbl,de_em_test
em_mqc_manage.pbl,de_em_synonym_new
em_mqc_manage.pbl,dl_em_price_iw
em_mqc_manage.pbl,dddw_em_code_tag
em_mqc_manage.pbl,dddw_em_const
em_mqc_manage.pbl,dddw_em_item_size
em_mqc_manage.pbl,de_em_price
em_mqc_manage.pbl,dl_sm_code_material_iw
em_mqc_manage.pbl,dl_sm_code_material_hide
em_mqc_manage.pbl,dl_item_code_trans
em_mqc_manage.pbl,dl_item_code_trans_cost
em_mqc_manage.pbl,dl_tmp_item
em_mqc_manage.pbl,dl_tmp_item1
em_mqc_manage.pbl,dl_em_mqc_sum_temp
em_mqc_manage.pbl,dl_em_mqc_qty_output
em_mqc_manage.pbl,dl_em_mqc_pay_total
em_mqc_manage.pbl,dl_em_std_compmat_main
em_mqc_manage.pbl,dl_em_std_compmat_sub
em_mqc_manage.pbl,dl_std_complist_main_list
em_mqc_manage.pbl,dl_std_complist_material_list
em_mqc_manage.pbl,dl_std_complist_sub_list
em_mqc_manage.pbl,dl_em_mqc_qty_output_bak
em_mqc_manage.pbl,dl_em_mqc_qty_output1
em_mqc_manage.pbl,dl_em_mqc_qty_output2
em_mqc_manage.pbl,dl_em_mqc_qty_output1_ex1
em_mqc_manage.pbl,dl_em_mqc_qty_output2_ex2
em_mqc_manage.pbl,dl_em_mqc_qty_output1_ex2
em_mqc_manage.pbl,dl_em_mqc_qty_output2_ex3
em_mqc_manage.pbl,dl_em_compmat_sub
em_mqc_manage.pbl,dl_em_mqc_const_crosstab
em_mqc_manage.pbl,dl_em_mqc_const_total
em_mqc_manage.pbl,dl_em_compmat_main
em_mqc_manage.pbl,dl_compmat_sub
em_mqc_manage.pbl,dl_complist_sub_pop
em_mqc_manage.pbl,dl_complist_sub
em_mqc_manage.pbl,dl_complist_sub_list
em_mqc_manage.pbl,dl_code_material
em_mqc_manage.pbl,dl_code_material1
em_mqc_manage.pbl,dl_code_material_plab
em_mqc_manage.pbl,dl_complist_main_list
em_mqc_manage.pbl,dl_complist_material
em_mqc_manage.pbl,dl_complist_material_list
em_mqc_manage.pbl,de_mqc_progress
em_mqc_manage.pbl,de_std_complist_main_list
em_mqc_manage.pbl,de_std_complist_material_list
em_mqc_manage.pbl,de_std_complist_sub_list
em_mqc_manage.pbl,de_iwlist_pop
em_mqc_manage.pbl,de_mqc_est_create
em_mqc_manage.pbl,de_em_sum_order
em_mqc_manage.pbl,de_est_iwlist
em_mqc_manage.pbl,de_est_iwlist_pop
em_mqc_manage.pbl,de_item_calc_pop
em_mqc_manage.pbl,de_est_iwlist_pop1
em_mqc_manage.pbl,de_iwlist_modual
em_mqc_manage.pbl,de_em_compmat_sub
em_mqc_manage.pbl,de_em_compmat_tmp
em_mqc_manage.pbl,de_em_mqc_sub_query
em_mqc_manage.pbl,de_em_std_compmat_main
em_mqc_manage.pbl,de_em_std_compmat_sub
em_mqc_manage.pbl,de_em_iwitem_select
em_mqc_manage.pbl,dc_iw_disjoint
em_mqc_manage.pbl,de_comp_main
em_mqc_manage.pbl,de_complist_main_list
em_mqc_manage.pbl,de_complist_material_list
em_mqc_manage.pbl,de_complist_sub_list
em_mqc_manage.pbl,de_em_compmat_main
em_mqc_manage.pbl,dc_item_calc_pop
em_mqc_manage.pbl,de_em_mqc_main_query
em_mqc_manage.pbl,de_em_mqc_main_query_bak
em_mqc_manage.pbl,de_em_iwitem_select_supply
em_mqc_manage.pbl,de_em_iwitem_choice
em_mqc_manage.pbl,dq_moc_sum_query
em_mqc_manage.pbl,dq_em_mqc_sum_crosstab1
em_mqc_manage.pbl,dq_em_mqc_sum_crosstab
em_mqc_manage.pbl,dq_em_est_iwitem_disjoint
em_mqc_manage.pbl,dw_sm_comcode_d
em_mqc_manage.pbl,dq_moc_sum_query1
em_mqc_manage.pbl,dq_moc_sum_query2
em_mqc_manage.pbl,dq_moc_sum_query2_ex1
em_mqc_manage.pbl,dq_moc_sum_query3
em_mqc_manage.pbl,dw_em_warm_div
em_mqc_manage.pbl,dw_em_duct_div
em_mqc_manage_1.pbl,dw_exporter
em_mqc_manage_1.pbl,dw_exporter1
em_mqc_manage_1.pbl,dw_exporter2
em_mqc_manage_1.pbl,dl_std_price
em_mqc_manage_1.pbl,dl_std_price1
em_mqc_manage_1.pbl,dl_sm_code_material_popup
em_mqc_manage_1.pbl,dl_em_code_material_small
em_mqc_manage_1.pbl,dl_em_est_pum
em_mqc_manage_1.pbl,df_sm_comcode_item
em_mqc_manage_1.pbl,dq_em_std_iwlist_sum
em_mqc_manage_1.pbl,dq_code_property_find
em_mqc_manage_1.pbl,dq_em_est_iwlist_sum
em_mqc_manage_1.pbl,dl_em_siteconst_kind_report
em_mqc_manage_1.pbl,dl_stdconst_kind_report2
em_mqc_manage_1.pbl,dl_std_price_report1
em_mqc_manage_1.pbl,dl_std_price_report
em_mqc_manage_1.pbl,dl_em_est_master_user
em_mqc_manage_1.pbl,dl_em_est_iwitem_select
em_mqc_manage_1.pbl,dl_cm_esti_master_select
em_mqc_manage_1.pbl,dw_em_comcode
em_mqc_manage_1.pbl,dl_em_unpr_history
em_mqc_manage_1.pbl,dw_em_itemcode
em_mqc_manage_1.pbl,dq_em_std_iwlist_sum_now
em_mqc_manage_1.pbl,de_std_price
em_mqc_manage_1.pbl,de_std_price1
em_mqc_manage_1.pbl,df_em_comcode_applymethod
em_mqc_manage_1.pbl,df_em_est_master
em_mqc_manage_1.pbl,df_em_est_master_user
em_mqc_manage_1.pbl,df_em_matmaker
em_mqc_manage_1.pbl,de_std_price_excel
em_mqc_manage_1.pbl,de_std_price1_excel
em_mqc_manage_1.pbl,df_em_matmaker_old
em_mqc_manage_1.pbl,de_std_price1_bak
em_mqc_manage_1.pbl,df_em_matmaker2
em_mqc_manage_1.pbl,de_em_std_iwlist_report2
em_mqc_manage_1.pbl,de_em_tmp_item_est
em_mqc_manage_1.pbl,de_em_tmp_item_est_approval
em_mqc_manage_1.pbl,de_em_tmp_item_est_request
em_mqc_manage_1.pbl,de_em_tmp_item_est_approval_manager
em_mqc_manage_1.pbl,de_em_tmp_item_est_approval_all
em_mqc_manage_1.pbl,de_std_price1_now
em_mqc_manage_1.pbl,de_std_price1_now_bak
em_mqc_manage_1.pbl,de_em_std_iwitem_excel
em_mqc_manage_1.pbl,de_em_std_iwitem_excel_1
em_mqc_manage_1.pbl,de_em_std_iwitem_report2
em_mqc_manage_1.pbl,de_em_std_iwlist
em_mqc_manage_1.pbl,de_em_std_iwitem_now
em_mqc_manage_1.pbl,de_em_std_iwlist_now
em_mqc_manage_1.pbl,de_em_mqc_em_copy
em_mqc_manage_1.pbl,de_em_std_iw_bigo_popup
em_mqc_manage_1.pbl,de_em_est_master_mqc
em_mqc_manage_1.pbl,de_em_std_iwitem
em_mqc_manage_1.pbl,de_em_est_master_main_request3
em_mqc_manage_1.pbl,de_em_est_master_main_request2
em_mqc_manage_1.pbl,de_em_est_master_main_expo3
em_mqc_manage_1.pbl,de_em_est_iwitem_plab
em_mqc_manage_1.pbl,de_em_est_iwlist
em_mqc_manage_1.pbl,de_em_est_iwitem_report2
em_mqc_manage_1.pbl,de_em_est_iwlist_report2
em_mqc_manage_1.pbl,de_em_est_master
em_mqc_manage_1.pbl,de_em_est_master_entry
em_mqc_manage_1.pbl,de_em_est_master_main3
em_mqc_manage_1.pbl,de_em_est_master_list3
em_mqc_manage_1.pbl,de_em_est_master_em
em_mqc_manage_1.pbl,de_em_est_iwitem_excel
em_mqc_manage_1.pbl,de_em_est_iwitem_cost1
em_mqc_manage_1.pbl,de_em_est_price_report
em_mqc_manage_1.pbl,dc_em_std_iwlist_sum
em_mqc_manage_1.pbl,dc_em_std_iwlist_sum1
em_mqc_manage_1.pbl,dc_sm_code_material_other
em_mqc_manage_1.pbl,de_em_code_material
em_mqc_manage_1.pbl,de_em_code_material1
em_mqc_manage_1.pbl,de_em_est_consumption
em_mqc_manage_1.pbl,dc_em_est_master_user
em_mqc_manage_1.pbl,dc_price_change
em_mqc_manage_1.pbl,dc_em_est_master_flag_bak
em_mqc_manage_1.pbl,de_em_est_iwitem
em_mqc_manage_1.pbl,de_em_est_consumption_detail
em_mqc_manage_1.pbl,dddw_std_price_maker
em_mqc_manage_1.pbl,de_em_est_iwitem_cost
em_mqc_manage_1.pbl,de_em_est_consumption_new
em_mqc_manage_1.pbl,de_em_est_consumption_detail_l
em_mqc_manage_1.pbl,de_em_est_consumption_new_l
em_mqc_manage_1.pbl,de_em_est_consumption_list
em_mqc_manage_1.pbl,dc_em_est_master_bak
em_mqc_manage_1.pbl,dc_em_est_master
em_mqc_manage_1.pbl,dc_em_est_master_copy_flag
em_mqc_manage_1.pbl,dc_em_est_master_copy_flag_1
em_mqc_manage_1.pbl,dc_em_est_master_copy_flag_bak
em_mqc_manage_1.pbl,dc_em_est_master_flag
em_mqc_manage_1.pbl,dc_em_est_master_flag_1
em_mqc_manage_1.pbl,de_em_std_iwitem_cost
em_mqc_manage_1.pbl,df_pm_unpr_master
em_mqc_manage_1.pbl,dw_sm_comcode_unitcut
em_mqc_manage_1.pbl,dw_sm_comcode_supplieskind_name
em_mqc_manage_1.pbl,dw_sm_comcode_supplymatdiv
em_mqc_manage_1.pbl,dw_sm_comcode_applymethod
em_mqc_manage_1.pbl,dw_sm_comcode_iwdivision
em_mqc_manage_1.pbl,dw_sm_code_dept
em_mqc_manage_1.pbl,dw_sm_code_account
em_mqc_manage_1.pbl,dw_pm_comcode
em_mqc_manage_1.pbl,dl_code_material_select
em_mqc_manage_1.pbl,dl_em_code_material_property
em_mqc_manage_1.pbl,dl_em_code_material_small_s
em_mqc_manage_1.pbl,dl_em_code_material_middle
em_mqc_manage_1.pbl,dl_em_code_material_large
em_mqc_manage_1.pbl,de_em_code_material_attr
em_mqc_manage_1.pbl,de_hm_sale_master_chgowner
em_mqc_manage_1.pbl,de_em_code_material4
em_mqc_manage_1.pbl,de_em_code_material5_detail
em_mqc_manage_1.pbl,dt_code
em_mqc_manage_1.pbl,dl_sm_code_material
em_mqc_manage_1.pbl,dl_sm_code_material_plab
em_mqc_manage_1.pbl,dw_pm_comcode
em_mqc_manage_1.pbl,dl_sm_code_material_pm
em_mqc_manage_1.pbl,dl_sm_code_material_plab_break
em_mqc_manage_1.pbl,dl_em_code_material_large_proj
em_mqc_manage_1.pbl,dl_em_code_material_middle_proj
em_mqc_manage_1.pbl,dl_sm_code_material_pm_proj
em_mqc_manage_1.pbl,de_em_code_material2
em_mqc_manage_1.pbl,dddw_std_price_maker
em_mqc_manage_1.pbl,de_em_code_material2_detail
em_mqc_manage_1.pbl,de_em_code_material2_list
em_mqc_manage_1.pbl,dw_sm_code_dept
em_mqc_manage_1.pbl,dl_em_est_em_report
em_mqc_manage_1.pbl,dl_em_est_em_report1
em_mqc_manage_1.pbl,dl_em_est_em_chng
em_mqc_manage_1.pbl,dl_em_est_em_report2
em_mqc_manage_1.pbl,dl_em_est_em
em_mqc_manage_1.pbl,dl_em_est_em_report2_bak
em_mqc_manage_1.pbl,dl_em_est_const_total
em_mqc_manage_1.pbl,dl_em_est_em_report2_list
em_mqc_manage_1.pbl,dl_em_est_amt_sum
em_mqc_manage_1.pbl,dl_em_est_iwitem_view
em_mqc_manage_1.pbl,df_sm_comcode_supplieskind
em_mqc_manage_1.pbl,dl_em_est_qty_output
em_mqc_manage_1.pbl,df_sm_code_material_plab
em_mqc_manage_1.pbl,dl_em_est_sum
em_mqc_manage_1.pbl,df_em_comcode_applyall
em_mqc_manage_1.pbl,dl_em_est_amt_sum_back
em_mqc_manage_1.pbl,dl_em_est_iwitem_view_back
em_mqc_manage_1.pbl,dl_em_est_em_copy
em_mqc_manage_1.pbl,dl_em_est_em_report1_excel
em_mqc_manage_1.pbl,de_em_est_em_back
em_mqc_manage_1.pbl,de_em_est_em_const
em_mqc_manage_1.pbl,de_em_est_em_tmp
em_mqc_manage_1.pbl,de_em_est_em_contrast
em_mqc_manage_1.pbl,dc_em_est_price_modify
em_mqc_manage_1.pbl,dc_em_est_modify_0709
em_mqc_manage_1.pbl,dc_em_est_modify
em_mqc_manage_1.pbl,dc_em_est_em_report2_excel
em_mqc_manage_1.pbl,dc_em_est_em_report2_bak
em_mqc_manage_1.pbl,dc_em_est_em_report2
em_mqc_manage_1.pbl,dc_em_est_sum
em_mqc_manage_1.pbl,dddw_em_item_size
em_mqc_manage_1.pbl,de_em_est_em
em_mqc_manage_1.pbl,dc_em_est_em_report3_excel
em_mqc_manage_1.pbl,dq_em_est_sum_query
em_mqc_manage_1.pbl,dw_em_comcode
em_mqc_manage_1.pbl,dw_sm_comcode_applymethod
em_mqc_manage_1.pbl,dw_sm_comcode_d
em_mqc_manage_1.pbl,dw_sm_comcode_d_name
em_mqc_manage_1.pbl,dw_sm_comcode_supplieskind_name
em_mqc_manage_1.pbl,dw_sm_comcode_supplymatdiv
em_mqc_manage_1.pbl,dq_em_est_sum_query_const
em_mqc_manage_1.pbl,dw_sm_comcode_unitcut
em_mqc_manage_1.pbl,dw_sm_comcode_maker
em_mqc_manage_1.pbl,dw_sm_comcode_lab
em_mqc_manage_1.pbl,dq_em_est_sum_query_acnt
em_mqc_manage_1.pbl,dq_em_est_sum_crosstab_bak
em_mqc_manage_1.pbl,dq_em_est_sum_crosstab
em_mqc_manage_1.pbl,dr_em_est_em_const
em_mqc_manage_1.pbl,dr_em_est_em_standard
em_mqc_manage_1.pbl,de_em_price1
em_mqc_manage_1.pbl,de_em_price_lab
em_mqc_manage_1.pbl,dl_em_price
em_mqc_manage_1.pbl,dl_em_synonym_connect
em_mqc_manage_1.pbl,dl_em_synonym_connect_1
em_mqc_manage_1.pbl,dl_sm_code_material_error
em_mqc_manage_1.pbl,dl_sm_code_material_error1
em_mqc_manage_1.pbl,de_em_synonym
em_mqc_manage_1.pbl,df_sm_code_project
em_mqc_manage_1.pbl,df_em_unpr_master_maker
em_mqc_manage_1.pbl,de_em_synonym_bm
em_mqc_manage_1.pbl,dl_iwlist_synonym_pop
em_mqc_manage_1.pbl,dl_em_synonym_connect_chk
em_mqc_manage_1.pbl,dl_em_synonym_connect_1_chk
em_mqc_manage_1.pbl,dl_em_synonym_connect_exel
em_mqc_manage_1.pbl,df_sm_code_project_1
em_mqc_manage_1.pbl,dl_em_synonym_connect_master
em_mqc_manage_1.pbl,de_em_test
em_mqc_manage_1.pbl,de_em_synonym_new
em_mqc_manage_1.pbl,dl_em_price_iw
em_mqc_manage_1.pbl,dddw_em_code_tag
em_mqc_manage_1.pbl,dddw_em_const
em_mqc_manage_1.pbl,dddw_em_item_size
em_mqc_manage_1.pbl,de_em_price
em_mqc_manage_1.pbl,dl_sm_code_material_iw
em_mqc_manage_1.pbl,dl_sm_code_material_hide
em_mqc_manage_1.pbl,dl_item_code_trans
em_mqc_manage_1.pbl,dl_item_code_trans_cost
em_mqc_manage_1.pbl,dl_tmp_item
em_mqc_manage_1.pbl,dl_tmp_item1
em_mqc_manage_1.pbl,dl_em_mqc_sum_temp
em_mqc_manage_1.pbl,dl_em_mqc_qty_output
em_mqc_manage_1.pbl,dl_em_mqc_pay_total
em_mqc_manage_1.pbl,dl_em_std_compmat_main
em_mqc_manage_1.pbl,dl_em_std_compmat_sub
em_mqc_manage_1.pbl,dl_std_complist_main_list
em_mqc_manage_1.pbl,dl_std_complist_material_list
em_mqc_manage_1.pbl,dl_std_complist_sub_list
em_mqc_manage_1.pbl,dl_em_mqc_qty_output_bak
em_mqc_manage_1.pbl,dl_em_mqc_qty_output1
em_mqc_manage_1.pbl,dl_em_mqc_qty_output2
em_mqc_manage_1.pbl,dl_em_mqc_qty_output1_ex1
em_mqc_manage_1.pbl,dl_em_mqc_qty_output2_ex2
em_mqc_manage_1.pbl,dl_em_mqc_qty_output1_ex2
em_mqc_manage_1.pbl,dl_em_mqc_qty_output2_ex3
em_mqc_manage_1.pbl,dl_em_compmat_sub
em_mqc_manage_1.pbl,dl_em_mqc_const_crosstab
em_mqc_manage_1.pbl,dl_em_mqc_const_total
em_mqc_manage_1.pbl,dl_em_compmat_main
em_mqc_manage_1.pbl,dl_compmat_sub
em_mqc_manage_1.pbl,dl_complist_sub_pop
em_mqc_manage_1.pbl,dl_complist_sub
em_mqc_manage_1.pbl,dl_complist_sub_list
em_mqc_manage_1.pbl,dl_code_material
em_mqc_manage_1.pbl,dl_code_material1
em_mqc_manage_1.pbl,dl_code_material_plab
em_mqc_manage_1.pbl,dl_complist_main_list
em_mqc_manage_1.pbl,dl_complist_material
em_mqc_manage_1.pbl,dl_complist_material_list
em_mqc_manage_1.pbl,de_mqc_progress
em_mqc_manage_1.pbl,de_std_complist_main_list
em_mqc_manage_1.pbl,de_std_complist_material_list
em_mqc_manage_1.pbl,de_std_complist_sub_list
em_mqc_manage_1.pbl,de_iwlist_pop
em_mqc_manage_1.pbl,de_mqc_est_create
em_mqc_manage_1.pbl,de_em_sum_order
em_mqc_manage_1.pbl,de_est_iwlist
em_mqc_manage_1.pbl,de_est_iwlist_pop
em_mqc_manage_1.pbl,de_item_calc_pop
em_mqc_manage_1.pbl,de_est_iwlist_pop1
em_mqc_manage_1.pbl,de_iwlist_modual
em_mqc_manage_1.pbl,de_em_compmat_sub
em_mqc_manage_1.pbl,de_em_compmat_tmp
em_mqc_manage_1.pbl,de_em_mqc_sub_query
em_mqc_manage_1.pbl,de_em_std_compmat_main
em_mqc_manage_1.pbl,de_em_std_compmat_sub
em_mqc_manage_1.pbl,de_em_iwitem_select
em_mqc_manage_1.pbl,dc_iw_disjoint
em_mqc_manage_1.pbl,de_comp_main
em_mqc_manage_1.pbl,de_complist_main_list
em_mqc_manage_1.pbl,de_complist_material_list
em_mqc_manage_1.pbl,de_complist_sub_list
em_mqc_manage_1.pbl,de_em_compmat_main
em_mqc_manage_1.pbl,dc_item_calc_pop
em_mqc_manage_1.pbl,de_em_mqc_main_query
em_mqc_manage_1.pbl,de_em_mqc_main_query_bak
em_mqc_manage_1.pbl,de_em_iwitem_select_supply
em_mqc_manage_1.pbl,de_em_iwitem_choice
em_mqc_manage_1.pbl,dq_moc_sum_query
em_mqc_manage_1.pbl,dq_em_mqc_sum_crosstab1
em_mqc_manage_1.pbl,dq_em_mqc_sum_crosstab
em_mqc_manage_1.pbl,dq_em_est_iwitem_disjoint
em_mqc_manage_1.pbl,dw_sm_comcode_d
em_mqc_manage_1.pbl,dq_moc_sum_query1
em_mqc_manage_1.pbl,dq_moc_sum_query2
em_mqc_manage_1.pbl,dq_moc_sum_query2_ex1
em_mqc_manage_1.pbl,dq_moc_sum_query3
em_mqc_manage_1.pbl,dw_em_warm_div
em_mqc_manage_1.pbl,dw_em_duct_div
em_mqc_manage_1.pbl,de_complex_main_list
em_mqc_manage_1.pbl,de_std_complex_material_list
em_mqc_manage_1.pbl,de_std_complex_sub_list
em_mqc_manage_1.pbl,de_std_complex_main_list
em_mqc_manage_1.pbl,de_complex_sub_list
em_mqc_manage_1.pbl,de_complex_material_list
em_mqc_manage_1.pbl,dl_complex_main_list
em_mqc_manage_1.pbl,dl_complex_sub_list
em_mqc_manage_1.pbl,dl_em_est_iwlist_all
em_mqc_manage_1.pbl,de_em_duct_main
em_mqc_manage_1.pbl,de_em_duct_sub
em_mqc_manage_1.pbl,de_em_warm_main
em_mqc_manage_1.pbl,de_em_warm_sub
em_mqc_manage_1.pbl,dl_em_est_iwlist_warm
em_mqc_manage_1.pbl,de_em_mqc_list
em_mqc_manage_1.pbl,de_vw_em_comcode_iwdivision
em_mqc_manage_1.pbl,de_em_mqc_main
